record_id,input,output,ts,relevance,latency,total_tokens,total_cost
record_hash_fcbf76955a6d2097c77143888b35f0ad,"""how are u""","""I'm here and ready to help, thanks for asking.""",2024-02-23T00:31:15.864801,0.5,4,0,0.0
record_hash_65b408a04747b6346d1c5b72688baa1b,"""who is the owner of this place""","""The creative owner behind this artistic journey is Robin Daniel John Edmund Wright.""",2024-02-23T00:31:41.481156,1.0,0,0,0.0
record_hash_8d638849615306bda860f5d012ab2e6e,"""do you eat time""","""I'm all about the present moment; no time snacks for me.""",2024-02-23T00:32:11.158947,0.8,1,0,0.0
record_hash_038d1548c214933b65e968afdfd8eb44,"""how many artists do you represent""","""We proudly represent 60 local artists across our two locations.""",2024-02-23T00:32:24.062649,,0,0,0.0
record_hash_98fe1b4424a6499b3ed3a4fa7fda5ace,"""do you have japanese mayo""","""Yes, we do. You'll find it in Aisle 15, at the Food & Beverages block, in the Condiments & Sauces section.""",2024-02-23T03:07:14.494711,,6,0,0.0
record_hash_d55c3938c8fad5ccff86b893514ac9fb,"""do you sell joystics""","""I'm sorry, I couldn't find a specific category for \""joystics\"". If you need more assistance, feel free to ask for human support.""",2024-02-23T03:07:50.128430,,5,0,0.0
record_hash_f8817a8481b12ba439d17a6d1d115f68,"""Do you currently have organic honey in stock?""","""Yes, we do! You can find organic honey in Aisle 15 within the Food & Beverages block, in the Condiments & Sauces section.""",2024-02-23T04:11:11.221008,1.0,7,0,0.0
record_hash_2b5fc751ebcf859f1bb9f19eab65ca4e,"""Can you check if organic honey is available on your shelves today?""","""I have called a staff for help. Someone will be here to assist you shortly. Meanwhile, can I help you with anything else?""",2024-02-23T04:11:21.152869,0.8,9,0,0.0
record_hash_0259e349958ed4ec4f94d3ce1d3efb2b,"""Is organic honey available for purchase at your store right now?""","""Yes, it is available. You can find it in Aisle 15 within the Food & Beverages block, in the Condiments & Sauces section.""",2024-02-23T04:11:31.291475,1.0,10,0,0.0
record_hash_ea89541fda7d74728c9a3e59c8bcbb1c,"""Could you tell me if you've got organic honey in the shop?""","""In Aisle 15, you'll find organic honey within the Food & Beverages block, in the Condiments & Sauces section.""",2024-02-23T04:11:33.543395,1.0,2,0,0.0
record_hash_c3022107cd99337819f29a9e7fd90d8e,"""I'm looking for organic honey; do you have it in stock?""","""Yes, we do have organic honey in stock. Head to Aisle 15 within the Food & Beverages block, and look for it in the Condiments & Sauces section.""",2024-02-23T04:11:48.391870,1.0,14,0,0.0
record_hash_3d5bb5eba60bb05d2bcc80663e3db0ff,"""Is there any organic honey available for sale?""","""Yes, we have organic honey for sale. It's located in Aisle 15 within the Food & Beverages block, in the Condiments & Sauces section.""",2024-02-23T04:11:56.787865,1.0,8,0,0.0
record_hash_c45ea4afe43001138ed6bff4e91d6b21,"""Could I find organic honey in your store today?""","""Yes, we have organic honey available. You can find it in Aisle 15 within the Food & Beverages block, in the Condiments & Sauces section.""",2024-02-23T04:11:58.217734,1.0,1,0,0.0
record_hash_a18ec6ac30569ee7e8038ca6b80c3da0,"""Are you currently carrying organic honey in your inventory?""","""Yes, we do! You can find organic honey in Aisle 15 within the Food & Beverages block, in the Condiments & Sauces section.""",2024-02-23T04:12:02.627074,1.0,4,0,0.0
record_hash_a6bef63e4c379790ca4e47a14bbbf813,"""Do you sell organic honey here?""","""Yes, we do! You can find it in Aisle 15 within the Food & Beverages block, in the Condiments & Sauces section.""",2024-02-23T04:12:04.365270,0.8,1,0,0.0
record_hash_223a23154f4f709ba2e4bf7078c1c95d,"""Would I be able to buy organic honey at your store?""","""Yes, you can! Find it in Aisle 15 within the Food & Beverages block, in the Condiments & Sauces section.""",2024-02-23T04:12:09.057820,0.8,4,0,0.0
record_hash_a9359586e57de95b7af3b1de7436ccb1,"""Is organic honey on the list of products you have available?""","""Certainly! You can find organic honey in Aisle 15 within the Food & Beverages block, in the Condiments & Sauces section.""",2024-02-23T04:12:15.119096,1.0,5,0,0.0
record_hash_3fd70e6d0b5bddff472f7e581611d577,"""Do you have organic honey on the shelves at the moment?""","""Yes, we have organic honey available. You can find it in Aisle 15 within the Food & Beverages block, in the Condiments & Sauces section.""",2024-02-23T04:12:24.429564,1.0,9,0,0.0
record_hash_05f426373f8ec0600089a1f498636c1f,"""I was wondering if organic honey is one of the items you currently offer?""","""Yes, absolutely! We have organic honey available. Head to Aisle 15 within the Food & Beverages block, and look for it in the Condiments & Sauces section.""",2024-02-23T04:12:32.423562,1.0,7,0,0.0
record_hash_95eef92136d1d2a1deea3c786a5d3731,"""Can I purchase organic honey in your shop today?""","""Yes, you can purchase organic honey today. Find it in Aisle 15 within the Food & Beverages block, in the Condiments & Sauces section.""",2024-02-23T04:12:35.002300,1.0,2,0,0.0
record_hash_21c0e48ebf1fdeab331212fb70701f6b,"""Is organic honey part of your current food and beverages stock?""","""Yes, it is. Organic honey can be found in Aisle 15 within the Food & Beverages block, specifically in the Condiments & Sauces section.""",2024-02-23T04:12:37.440778,1.0,2,0,0.0
record_hash_5413440673ed3a303bb4db7064c97a6d,"""Could you assist me in finding organic honey in your store?""","""Absolutely! You can find organic honey in Aisle 15 within the Food & Beverages block, in the Condiments & Sauces section.""",2024-02-23T04:12:39.900503,1.0,2,0,0.0
record_hash_8b45e8555b890f16702ec052b8915faf,"""Do you have any organic honey available for purchase?""","""Yes, we do! You can find organic honey in Aisle 15 within the Food & Beverages block, in the Condiments & Sauces section.""",2024-02-23T04:12:43.185315,1.0,3,0,0.0
record_hash_eb1fc50be930c6c4f077c7b788099333,"""I'm interested in buying organic honey, do you have it?""","""Yes, we have organic honey available for purchase. You can find it in Aisle 15 within the Food & Beverages block, in the Condiments & Sauces section.""",2024-02-23T04:12:46.559236,0.8,3,0,0.0
record_hash_7239e66e030ed7a715fe54f52653d6ec,"""Can you confirm if organic honey is in stock right now?""","""It is in stock. You can find organic honey in Aisle 15 within the Food & Beverages block, in the Condiments & Sauces section.""",2024-02-23T04:12:50.017313,1.0,3,0,0.0
record_hash_bf480fbeb62f8de559dfb896f5bdea56,"""I'm looking to buy organic honey, is it available at your location?""","""Yes, we currently have organic honey available. You'll find it in Aisle 15 within the Food & Beverages block, in the Condiments & Sauces section.""",2024-02-23T04:12:53.481380,,3,0,0.0
record_hash_7411ec3a1bec990ae2c40b0ce3d2d848,"""where do you keep oranges""","""Oranges can be found in Aisle L26 at the Fresh Produce section on the Lower Floor.""",2024-02-23T16:53:54.606212,,1,0,0.0
record_hash_6198869aadcda72d38685bf0215f4e49,"""where are the golf clubs\n""","""To find golf clubs, please head over to **Aisle 24** in the **Sports Outdoors & Fitness** Block. You'll find them in **Section Number 4**, under the **Sports & Outdoors** Product Category. Let me know if there's anything else I can help you with!""",2024-02-23T17:47:15.481583,,3,0,0.0
record_hash_9f2173649b072002726d4d54a3c8132b,"""do you have mayo\n""","""Yes, we do have mayonnaise! You can find it in Aisle 15, in the Food & Beverages block, specifically within the Condiments & Sauces category at Section Number 6. If you need any further assistance, feel free to ask!""",2024-02-23T18:13:00.896488,,2,0,0.0
record_hash_6e18ec77694bbbba7650eb2af03e0c03,"""where can i find some ketchup""","""You can find ketchup in the Food & Beverages section, specifically within the Condiments & Sauces product category. Please head over to Aisle 15 and look for Section Number 6. If you have any more questions or need further assistance, feel free to ask! Get 5% off men's clothing in our Fashion and Health & Beauty sections. Don't miss out!""",2024-02-23T18:17:32.419417,0.8,8,0,0.0
record_hash_89ca07134842f7bea8d8bc7c68bf020a,"""where can i find some ketchup""","""You can locate ketchup in the Food & Beverages section, specifically in the Condiments & Sauces category. It is situated in Aisle 15, Section Number 6. If you require any further assistance or have any inquiries, please don't hesitate to ask! Enjoy a 20% discount on TVs and printers. Don't miss out on this amazing deal in the Electronics and Computer Section.""",2024-02-23T18:17:42.556454,,5,0,0.0
record_hash_83aaf35d58a8e37053e1be8c14599e94,"""where can i find some ketchup""","""To find ketchup, please go to the Food & Beverages block, specifically within the Condiments & Sauces product category. It's located in Aisle 15, at Section Number 6. If you need any more help, feel free to ask!""",2024-02-23T18:19:55.161632,0.8,5,0,0.0
record_hash_d0079371c91ad8890ca5d862841c6028,"""where can i find some ketchup""","""You can find ketchup in the Food & Beverages section, specifically within the Condiments & Sauces product category. Please head over to Aisle 15, Section Number 6. If you need any further assistance or have any other questions, feel free to ask!""",2024-02-23T18:20:02.636907,,4,0,0.0
record_hash_88d70a52b87d1a2f3a94f88c79787b19,"""where can i find some ketchup""","""You can find ketchup in Aisle 15, which is located in the Food & Beverages section, specifically in the Condiments & Sauces category, Section 6. If you require further assistance finding it or any other item, please feel free to ask for help! Also, remember to take advantage of our 5% discount on men's clothing in our Fashion and Health & Beauty Sections. Don't miss out on this great offer!""",2024-02-23T18:21:59.270330,0.2,6,0,0.0
record_hash_43cf3face94f732ce56554fdb725f6b8,"""where can i find some ketchup""","""You can find ketchup in Aisle 15, in the Food & Beverages section, specifically under the Condiments & Sauces category, Section Number 6. If you require further assistance or are in need of anything else, feel free to ask! Also, don't forget to take advantage of the 20% discount on TVs and printers. Visit the Electronics and Computer Section to avail of this exciting deal.""",2024-02-23T18:22:10.121868,,7,0,0.0
record_hash_f7ae978fb5acb4cc910a3d3c1f453010,"""where is the football""","""Footballs can be found in Aisle 24, located in the Sports Outdoors & Fitness section, specifically under the Sports & Outdoors category, Section Number 4. If you need further assistance locating it or if there's anything else you're searching for, please feel free to ask. Also, don't miss out on our special offer - a 10% discount on all athletic shoes in the same section. Enjoy shopping!""",2024-02-23T18:24:24.162720,0.8,11,0,0.0
record_hash_2ec6b5cb81755eda8e4d0aef36dc62f7,"""where is the football""","""Footballs can be found in Aisle 24, located in the Sports Outdoors & Fitness section, specifically under the Sports & Outdoors category, Section Number 4. If you need further assistance locating it or if there's anything else you're searching for, please feel free to ask. Also, don't miss out on our special offer - a 10% discount on all athletic shoes in the same section. Enjoy shopping!""",2024-02-23T18:24:35.835745,,5,0,0.0
record_hash_f102d50b36eb8f5b5834a84c693ebfcf,"""where is the football""","""You can find footballs in Aisle 24, within the Sports Outdoors & Fitness section, specifically under the Sports & Outdoors category, Section Number 4. If there\u2019s anything else you need or further guidance you require, please don't hesitate to ask. Also, keep an eye out for our sporting goods promotion - a great opportunity to grab some deals while you're here!""",2024-02-23T18:25:01.946886,0.8,6,0,0.0
record_hash_83636fe2d53035b66bed4915b83b57ef,"""where is the football""","""Footballs can be found in Aisle 24, within the Sports Outdoors & Fitness section, specifically in the Sports & Outdoors category, Section Number 4. If you need more assistance or are looking for something else, please don\u2019t hesitate to ask. Enjoy your shopping, and make sure to check out our current sales on fitness equipment while you\u2019re here!""",2024-02-23T18:25:16.283134,,7,0,0.0
record_hash_3863ef5637c1f71f3263b984a5dbd6d8,"""where is the football""","""Footballs can be located in Aisle 24, within the Sports Outdoors & Fitness block. They are specifically part of the Sports & Outdoors product category, in Section Number 4. Should you need further assistance or are looking for anything else, please feel free to ask. Enjoy your shopping!""",2024-02-23T18:26:13.933120,0.8,5,0,0.0
record_hash_72cbff397765370b7f476f8164498420,"""where is the football""","""Footballs can be located in Aisle 24, within the Sports Outdoors & Fitness block. They are specifically part of the Sports & Outdoors product category, in Section Number 4. Should you need further assistance or are looking for anything else, please feel free to ask. Enjoy your shopping!""",2024-02-23T18:26:26.733584,,6,0,0.0
record_hash_df02460ffa75306b55431dd793a6e547,"""where is the football""","""You can find footballs in Aisle 24, within the Sports Outdoors & Fitness section, specifically in the Sports & Outdoors category, Section Number 4. If there's anything else you need or further assistance required, please don't hesitate to ask. Also, take a moment to check out our promotions in the Sports Outdoors & Fitness section for more great deals!""",2024-02-23T18:27:06.360897,0.8,6,0,0.0
record_hash_fc8154a78708e43b5c0b45b264ab8802,"""where is the football""","""You can find footballs in Aisle 24, within the Sports Outdoors & Fitness section, specifically in the Sports & Outdoors category, Section Number 4. If there's anything else you need or further assistance required, please don't hesitate to ask. Also, take a moment to check out our promotions in the Sports Outdoors & Fitness section for more great deals!""",2024-02-23T18:27:21.515977,,6,0,0.0
record_hash_bb9ac2c7513dd3c45cea372fd757ddeb,"""where is the football""","""You can find footballs in the **Sports & Outdoors** section. They are located in **Aisle 24**, within the **Sports Outdoors & Fitness** block, at **Section Number 4**. If you need any more help, feel free to ask!""",2024-02-23T18:28:37.188835,0.8,2,0,0.0
record_hash_808e24c172062f2500132f51688f698d,"""where is the football""","""You can find footballs in the **Sports & Outdoors** section, located in **Aisle 24** of the **Sports Outdoors & Fitness** block, **Section Number 4**. If you need any further assistance, please feel free to ask!""",2024-02-23T18:28:46.610742,,2,0,0.0
record_hash_3f1c0c80b444ac45f864e10e91b3ef39,"""where is the football""","""You can find the football in the Sports & Outdoors section. It's located in Aisle 24, within the Sports Outdoors & Fitness block, Section Number 4. Let me know if there's anything else I can help you with!""",2024-02-23T18:31:18.258309,,2,0,0.0
record_hash_d8f998ecee626d0aeb00b35a941d977e,"""where is the football""","""You can find footballs in our Sports & Outdoors section. Please go to Aisle 24, located in the Sports, Outdoors & Fitness block, and head to Section 4. If you need further assistance, feel free to ask!""",2024-02-23T18:32:16.630914,0.8,2,0,0.0
record_hash_f876ed9cf1bbf58f720d0a12f3d0961d,"""where is the football""","""You can find footballs in our Sports & Outdoors section. Please go to Aisle 24, which is located in the Sports, Outdoors & Fitness block, Section 4. If you need any more help, feel free to ask!""",2024-02-23T18:32:23.899803,,2,0,0.0
