ts,input,output,record_id,relevance,latency,total_tokens,total_cost,Athena
2024-02-23T02:50:58.242662,"""do you like fried chicken\n""","""I don't have taste buds, but I've heard great things about the buttermilk fried chicken at General Brock.""",record_hash_7a0a9bae34d390f5ee6d37683dbae567,,1,0,0.0,"""I don't have taste buds, but I've heard great things about the buttermilk fried chicken at General Brock."""
2024-02-23T02:51:15.532850,"""what is the history of kfc""","""The story of KFC begins with Colonel Sanders' pursuit of the perfect fried chicken recipe in Corbin, Kentucky. His flavorful success transformed a small service station into a global icon.""",record_hash_fb6edeabea4ec1f89802001dfba23f50,,1,0,0.0,"""The story of KFC begins with Colonel Sanders' pursuit of the perfect fried chicken recipe in Corbin, Kentucky. His flavorful success transformed a small service station into a global icon."""
2024-02-23T02:53:06.533470,"""what is your name""","""I go by Alley Bot, the digital maestro of Martello on Brock Street.""",record_hash_fcfcfa7ecfb8d213f3108ed4fd3f89d5,,0,0,0.0,"""I go by Alley Bot, the digital maestro of Martello on Brock Street."""
2024-02-23T04:08:48.477121,"""do you sell joystics""","""Certainly! In addition to our art collection, we offer a nostalgic array of vintage toys, including original Star Wars action figures. Interested in taking a trip down memory lane?""",record_hash_54b940be1df83d5b0bec948f906bf068,,2,0,0.0,"""Certainly! In addition to our art collection, we offer a nostalgic array of vintage toys, including original Star Wars action figures. Interested in taking a trip down memory lane?"""
2024-02-23T04:09:16.126871,"""Do you currently have organic honey in stock?""","""Yes, we have a sweet supply of Am\u00e9o flavoured honey on our shelves, including the all natural wildflower honey.""",record_hash_ffff86015083441245444d9a65517631,0.8,1,0,0.0,"""Yes, we have a sweet supply of Am\u00e9o flavoured honey on our shelves, including the all natural wildflower honey."""
2024-02-23T04:09:17.656638,"""Can you check if organic honey is available on your shelves today?""","""Certainly, let me check the shelves for you; one moment, please.""",record_hash_4be6fc606c4ffbd3355ab7652a93f7b3,1.0,1,0,0.0,"""Certainly, let me check the shelves for you; one moment, please."""
2024-02-23T04:09:18.683139,"""Is organic honey available for purchase at your store right now?""","""Let me take a peek at the shelves for you. One moment, please.""",record_hash_0ea120ed4dccb6bf956a0cc23fa7b1ea,1.0,0,0,0.0,"""Let me take a peek at the shelves for you. One moment, please."""
2024-02-23T04:09:20.421717,"""Could you tell me if you've got organic honey in the shop?""","""Let me take a peek at the shelves for you. One moment, please.""",record_hash_391517c2556911dceed06612752137fa,0.8,1,0,0.0,"""Let me take a peek at the shelves for you. One moment, please."""
2024-02-23T04:09:22.161448,"""I'm looking for organic honey; do you have it in stock?""","""Let me take a peek at the shelves for you. One moment, please.""",record_hash_137ce220353f012d66bf91de1a5ad85a,0.8,1,0,0.0,"""Let me take a peek at the shelves for you. One moment, please."""
2024-02-23T04:09:24.059805,"""Is there any organic honey available for sale?""","""Let me take a peek at the shelves for you. One moment, please.""",record_hash_c596fff93a2ae4ab6350e839b184c1c3,0.4,1,0,0.0,"""Let me take a peek at the shelves for you. One moment, please."""
2024-02-23T04:09:25.396309,"""Could I find organic honey in your store today?""","""Let me take a peek at the shelves for you. One moment, please.""",record_hash_e4c7ebc662b7e9acdd6e996d6b9abfd7,0.8,1,0,0.0,"""Let me take a peek at the shelves for you. One moment, please."""
2024-02-23T04:09:26.260386,"""Are you currently carrying organic honey in your inventory?""","""Let me take a peek at the shelves for you. One moment, please.""",record_hash_0e34d16a9ef2c9aac14198f04fc1fce0,0.2,0,0,0.0,"""Let me take a peek at the shelves for you. One moment, please."""
2024-02-23T04:09:27.393195,"""Do you sell organic honey here?""","""Let me take a peek at the shelves for you. One moment, please.""",record_hash_b2e67f288e1929318faec0b247ef716c,0.8,1,0,0.0,"""Let me take a peek at the shelves for you. One moment, please."""
2024-02-23T04:09:29.233608,"""Would I be able to buy organic honey at your store?""","""Let me take a peek at the shelves for you. One moment, please.""",record_hash_6029b4a52efebd503714a0f2868d4b87,0.8,1,0,0.0,"""Let me take a peek at the shelves for you. One moment, please."""
2024-02-23T04:09:30.456473,"""Is organic honey on the list of products you have available?""","""Let me take a peek at the shelves for you. One moment, please.""",record_hash_a690f2bae2ad6e05e852bbb8ede168d5,0.4,1,0,0.0,"""Let me take a peek at the shelves for you. One moment, please."""
2024-02-23T04:09:31.606193,"""Do you have organic honey on the shelves at the moment?""","""Let me take a peek at the shelves for you. One moment, please.""",record_hash_c96ceee393281345b92da8d29bfecce2,0.8,1,0,0.0,"""Let me take a peek at the shelves for you. One moment, please."""
2024-02-23T04:09:32.607038,"""I was wondering if organic honey is one of the items you currently offer?""","""Let me take a peek at the shelves for you. One moment, please.""",record_hash_caef24871fd80187f0a6637826f91f91,0.8,0,0,0.0,"""Let me take a peek at the shelves for you. One moment, please."""
2024-02-23T04:09:34.755574,"""Can I purchase organic honey in your shop today?""","""Let me take a peek at the shelves for you. One moment, please.""",record_hash_6b5e446009fd4fc13f1eae12fa7a1628,0.8,2,0,0.0,"""Let me take a peek at the shelves for you. One moment, please."""
2024-02-23T04:09:38.652711,"""Is organic honey part of your current food and beverages stock?""","""Let me take a peek at the shelves for you. One moment, please.""",record_hash_fceb6286090e0b4c96602c949dc72a4c,0.2,3,0,0.0,"""Let me take a peek at the shelves for you. One moment, please."""
2024-02-23T04:09:39.881856,"""Could you assist me in finding organic honey in your store?""","""Let me take a peek at the shelves for you. One moment, please.""",record_hash_7a3384515b0d03248a0dad07f6588eca,,1,0,0.0,"""Let me take a peek at the shelves for you. One moment, please."""
2024-02-23T04:09:40.799818,"""Do you have any organic honey available for purchase?""","""Let me take a peek at the shelves for you. One moment, please.""",record_hash_f80b8d4498846b6faaf7a36179906d5c,,0,0,0.0,"""Let me take a peek at the shelves for you. One moment, please."""
2024-02-23T16:13:27.440701,"""hello how are you""","""I'm not bad, not bad at all, just here bringing a digital spark to an art filled world.""",record_hash_cfa331de89bc78d05a3d7b683e1711d9,,0,0,0.0,"""I'm not bad, not bad at all, just here bringing a digital spark to an art filled world."""
2024-02-23T19:38:54.262783,"""where to get oranges""","""To get oranges, you can visit:\n\n1. **Grocery stores or supermarkets**: They usually have a wide selection of oranges.\n2. **Farmers' markets**: Here, you might find locally-grown, fresh oranges.\n3. **Fruit stands or specialty produce stores**: These could offer unique varieties, especially in areas where oranges are grown.\n4. **Online grocery delivery services**: For convenience, you can order oranges and other groceries online for home delivery.\n\nWould you like to know more about selecting the best oranges or how to store them?""",record_hash_3f586aa0a2878b74b7215aceaa8cd1fc,1.0,4,0,0.0,"""To get oranges, you can visit:\n\n1. **Grocery stores or supermarkets**: They usually have a wide selection of oranges.\n2. **Farmers' markets**: Here, you might find locally-grown, fresh oranges.\n3. **Fruit stands or specialty produce stores**: These could offer unique varieties, especially in areas where oranges are grown.\n4. **Online grocery delivery services**: For convenience, you can order oranges and other groceries online for home delivery.\n\nWould you like to know more about selecting the best oranges or how to store them?"""
2024-02-23T19:39:09.212483,"""where to get oranges""","""To find oranges, you have these options:\n\n1. **Grocery Stores or Supermarkets:** They usually carry a wide selection of oranges.\n2. **Farmers' Markets:** You can find locally-grown, fresh oranges here.\n3. **Fruit Stands or Specialty Produce Stores:** These places might offer unique varieties, especially in regions where oranges are cultivated.\n4. **Online Grocery Delivery Services:** For convenience, you can order oranges online and have them delivered to your doorstep.\n\nWould you like tips on how to pick the best oranges or suggestions for storing them properly?""",record_hash_a52fc7dba13dbb26a8821e7df081126c,,8,0,0.0,"""To find oranges, you have these options:\n\n1. **Grocery Stores or Supermarkets:** They usually carry a wide selection of oranges.\n2. **Farmers' Markets:** You can find locally-grown, fresh oranges here.\n3. **Fruit Stands or Specialty Produce Stores:** These places might offer unique varieties, especially in regions where oranges are cultivated.\n4. **Online Grocery Delivery Services:** For convenience, you can order oranges online and have them delivered to your doorstep.\n\nWould you like tips on how to pick the best oranges or suggestions for storing them properly?"""
2024-02-23T20:02:59.719291,""". .""","""It seems like you might not have a question right now. If you have any inquiries in the future about history, where to find certain items, or need tips on a variety of topics, feel free to ask. I'm here to help! Is there something specific you would like to know more about?""",record_hash_ac302d51d35c67de2503f11b6710972d,1.0,3,0,0.0,"""It seems like you might not have a question right now. If you have any inquiries in the future about history, where to find certain items, or need tips on a variety of topics, feel free to ask. I'm here to help! Is there something specific you would like to know more about?"""
2024-02-23T20:03:08.423983,""". .""","""It seems like you might not have a question right now. If there's anything else you're curious about or need information on, feel free to ask. Whether it's about history, finding certain items, or just general knowledge, I'm here to assist you. Is there a particular topic or question you have in mind?""",record_hash_6b5c27a388e233ab2521f44e1aa40f7f,,3,0,0.0,"""It seems like you might not have a question right now. If there's anything else you're curious about or need information on, feel free to ask. Whether it's about history, finding certain items, or just general knowledge, I'm here to assist you. Is there a particular topic or question you have in mind?"""
2024-02-23T20:04:04.646984,""". .""","""It seems like you might not have a question right now. If there's anything else you're curious about or need information on, feel free to ask. Whether it's about history, finding certain items, or just general knowledge, I'm here to assist you. Is there a particular topic or question you have in mind?""",record_hash_dd8230070a33073874dfbe802d8614a9,1.0,3,0,0.0,"""It seems like you might not have a question right now. If there's anything else you're curious about or need information on, feel free to ask. Whether it's about history, finding certain items, or just general knowledge, I'm here to assist you. Is there a particular topic or question you have in mind?"""
2024-02-23T20:04:11.910553,""". .""","""It looks like you might not have any specific questions at the moment. But remember, I'm here to help whenever you're ready. Just let me know if there's anything you'd like to learn or inquire about in the future. Whether it's assistance with finding information, understanding historical events, or anything else, feel free to reach out. Is there anything else you'd like to explore or discuss?""",record_hash_71724278b538753b67b95b373f3e2cd3,,4,0,0.0,"""It looks like you might not have any specific questions at the moment. But remember, I'm here to help whenever you're ready. Just let me know if there's anything you'd like to learn or inquire about in the future. Whether it's assistance with finding information, understanding historical events, or anything else, feel free to reach out. Is there anything else you'd like to explore or discuss?"""
2024-02-23T20:04:22.212733,"""\u0935\u091a\u094d\u091a\u092e\u093e \u0906\u092a\u0915\u093e \u0935\u091a\u094d\u091a\u092e\u093e?""","""It appears you're using Hindi. If you're asking, \""What is your name?\"" my name is Athena, and I'm here to help answer your questions or provide information on various topics. How can I assist you today?""",record_hash_1531f33e3052eb30f238b5d3bd88c3a2,0.2,2,0,0.0,"""It appears you're using Hindi. If you're asking, \""What is your name?\"" my name is Athena, and I'm here to help answer your questions or provide information on various topics. How can I assist you today?"""
2024-02-23T20:04:28.600815,"""\u0935\u091a\u094d\u091a\u092e\u093e \u0906\u092a\u0915\u093e \u0935\u091a\u094d\u091a\u092e\u093e?""","""It looks like there's a mistake in your question. If you are asking about my name in Hindi, it is Athena. How can I help you today? Is there a specific topic or question you have in mind?""",record_hash_fdf90163ddc551668569953689f132c1,,3,0,0.0,"""It looks like there's a mistake in your question. If you are asking about my name in Hindi, it is Athena. How can I help you today? Is there a specific topic or question you have in mind?"""
2024-02-23T20:04:50.820574,"""\u09a4\u09c1\u09ae\u09bf \u0995\u09c7 \u09a4\u09c1\u09ae\u09be\u09a8 \u09a8\u09be\u09ae \u09ac\u09b2\u09a4\u09c7 \u09aa\u09be\u09b0\u09ac\u09c1 \u0986\u09ae\u09be\u0995\u09c7?""","""It looks like you're asking in Bengali. My name is Athena. How can I assist you today? Is there something specific you would like to learn or discuss?""",record_hash_3ea17f58827857f3df6b6850a185a8eb,0.8,2,0,0.0,"""It looks like you're asking in Bengali. My name is Athena. How can I assist you today? Is there something specific you would like to learn or discuss?"""
2024-02-23T20:04:55.662203,"""\u09a4\u09c1\u09ae\u09bf \u0995\u09c7 \u09a4\u09c1\u09ae\u09be\u09a8 \u09a8\u09be\u09ae \u09ac\u09b2\u09a4\u09c7 \u09aa\u09be\u09b0\u09ac\u09c1 \u0986\u09ae\u09be\u0995\u09c7?""","""It looks like you're asking in Bengali, \""Can you tell me your name?\"" My name is Athena. How can I assist you today? Is there something specific you would like to learn or discuss?""",record_hash_5512602218ef5df2c4449397a84bc8a7,,2,0,0.0,"""It looks like you're asking in Bengali, \""Can you tell me your name?\"" My name is Athena. How can I assist you today? Is there something specific you would like to learn or discuss?"""
2024-02-23T20:05:25.968688,"""\u0905\u091a\u094d\u091b\u093e, \u0907\u0916\u093e\u0928\u0947 \u0915\u0947 \u090f\u0915\u094b\u0928\u094b \u092d\u093e\u0932\u094b \u091f\u0942\u0930\u0940 \u0938\u094d\u092a\u094b\u0930\u094d\u091f \u0906\u091b\u0947?""","""It seems you're asking in a mix of Hindi and Bengali if there are any good tourist spots here. While I can provide information on a wide array of topics, I don't have specifics on your current location or access to real-time data. However, many places offer historical sites, natural parks, art galleries, and much more, depending on where you are. Could you specify the type of tourist spot you're interested in or a particular location?""",record_hash_9c25cc1bd0d87bf4ea31bfafd5add730,0.8,4,0,0.0,"""It seems you're asking in a mix of Hindi and Bengali if there are any good tourist spots here. While I can provide information on a wide array of topics, I don't have specifics on your current location or access to real-time data. However, many places offer historical sites, natural parks, art galleries, and much more, depending on where you are. Could you specify the type of tourist spot you're interested in or a particular location?"""
2024-02-23T20:05:36.797679,"""\u0905\u091a\u094d\u091b\u093e, \u0907\u0916\u093e\u0928\u0947 \u0915\u0947 \u090f\u0915\u094b\u0928\u094b \u092d\u093e\u0932\u094b \u091f\u0942\u0930\u0940 \u0938\u094d\u092a\u094b\u0930\u094d\u091f \u0906\u091b\u0947?""","""It seems you're asking in a mix of Hindi and Bengali if there are any good tourist spots here. While I can provide information on a wide array of topics, I don't have specifics on your current location or access to real-time data. However, many places offer historical sites, natural parks, art galleries, and much more, depending on where you are. Could you specify the type of tourist spot you're interested in or a particular location?""",record_hash_60f4feedb9e2ee4f8f7aaae77ae64e9d,,4,0,0.0,"""It seems you're asking in a mix of Hindi and Bengali if there are any good tourist spots here. While I can provide information on a wide array of topics, I don't have specifics on your current location or access to real-time data. However, many places offer historical sites, natural parks, art galleries, and much more, depending on where you are. Could you specify the type of tourist spot you're interested in or a particular location?"""
2024-02-23T20:10:37.543148,"""\u0905\u091a\u094d\u091b\u093e, \u0907\u0916\u093e\u0928\u0947 \u0915\u0947 \u090f\u0915\u094b\u0928\u094b \u092d\u093e\u0932\u094b \u091f\u0942\u0930\u0940 \u0938\u094d\u092a\u094b\u0930\u094d\u091f \u0906\u091b\u0947?""","""Sorry for the confusion earlier. If you're looking for beautiful tourist spots besides Martello Alley, many options exist such as historic forts, cultural museums, and places offering stunning natural views. These spots provide a mix of historical, cultural, and natural beauty, making your visit memorable. Would you like to know more details about any specific type of attraction?""",record_hash_5027f817b6026cf52ca72b678636771e,0.2,3,0,0.0,"""Sorry for the confusion earlier. If you're looking for beautiful tourist spots besides Martello Alley, many options exist such as historic forts, cultural museums, and places offering stunning natural views. These spots provide a mix of historical, cultural, and natural beauty, making your visit memorable. Would you like to know more details about any specific type of attraction?"""
2024-02-23T20:10:49.889035,"""\u0905\u091a\u094d\u091b\u093e, \u0907\u0916\u093e\u0928\u0947 \u0915\u0947 \u090f\u0915\u094b\u0928\u094b \u092d\u093e\u0932\u094b \u091f\u0942\u0930\u0940 \u0938\u094d\u092a\u094b\u0930\u094d\u091f \u0906\u091b\u0947?""","""\u0939\u093e\u0901, \u0907\u0939\u093e\u0901 \u0915\u0908 \u0938\u0941\u0902\u0926\u0930 \u091f\u0942\u0930\u093f\u0938\u094d\u091f \u0938\u094d\u092a\u0949\u091f\u094d\u0938 \u0939\u0948\u0902\u0964 \u0906\u092a \u0910\u0924\u093f\u0939\u093e\u0938\u093f\u0915 \u0926\u0941\u0930\u094d\u0917\u094b\u0902 \u0915\u094b \u0926\u0947\u0916 \u0938\u0915\u0924\u0947 \u0939\u0948\u0902, \u091c\u094b \u0905\u0924\u0940\u0924 \u0915\u0940 \u0917\u093e\u0925\u093e\u0913\u0902 \u0915\u094b \u0938\u092e\u0947\u091f\u0947 \u0939\u0941\u090f \u0939\u0948\u0902; \u0938\u093e\u0902\u0938\u094d\u0915\u0943\u0924\u093f\u0915 \u0938\u0902\u0917\u094d\u0930\u0939""",record_hash_2908b3db538a5b7b419c3e5722d59862,,9,0,0.0,"""\u0939\u093e\u0901, \u0907\u0939\u093e\u0901 \u0915\u0908 \u0938\u0941\u0902\u0926\u0930 \u091f\u0942\u0930\u093f\u0938\u094d\u091f \u0938\u094d\u092a\u0949\u091f\u094d\u0938 \u0939\u0948\u0902\u0964 \u0906\u092a \u0910\u0924\u093f\u0939\u093e\u0938\u093f\u0915 \u0926\u0941\u0930\u094d\u0917\u094b\u0902 \u0915\u094b \u0926\u0947\u0916 \u0938\u0915\u0924\u0947 \u0939\u0948\u0902, \u091c\u094b \u0905\u0924\u0940\u0924 \u0915\u0940 \u0917\u093e\u0925\u093e\u0913\u0902 \u0915\u094b \u0938\u092e\u0947\u091f\u0947 \u0939\u0941\u090f \u0939\u0948\u0902; \u0938\u093e\u0902\u0938\u094d\u0915\u0943\u0924\u093f\u0915 \u0938\u0902\u0917\u094d\u0930\u0939"""
2024-02-23T22:28:03.672320,"""\u0986\u09a5\u09bf\u09a8\u09be, \u09ac\u09be\u0981\u09b2\u09be\u09a6\u09c7\u09b6\u09c7\u09b0 \u09b0\u09be\u099c\u09a7\u09be\u09a8\u09c7 \u0995\u09bf \u09a4\u09c1\u09ae\u09bf\u0995\u09c7 \u09ac\u09b2\u09a4\u09c7 \u09aa\u09be\u09b0\u09ac\u09be \u0986\u09ae\u09be\u0995\u09c7?""","""\u09ac\u09be\u0982\u09b2\u09be\u09a6\u09c7\u09b6\u09c7\u09b0 \u09b0\u09be\u099c\u09a7\u09be\u09a8\u09c0 \u09b9\u09b2\u09cb \u09a2\u09be\u0995\u09be\u0964 \u098f\u099f\u09bf \u09a6\u09c7\u09b6\u09c7\u09b0 \u09b8\u09ac\u099a\u09c7\u09af\u09bc\u09c7 \u09ac\u09a1\u09bc \u09b6\u09b9\u09b0 \u098f\u09ac\u0982 \u09aa\u09cd\u09b0\u09a7\u09be\u09a8 \u09b0\u09be\u099c\u09a8\u09c8\u09a4\u09bf\u0995, \u0986\u09b0\u09cd\u09a5\u09bf\u0995, \u098f\u09ac\u0982 \u09b8\u09be\u0982\u09b8\u09cd\u0995\u09c3\u09a4\u09bf\u0995 \u0995\u09c7""",record_hash_9fe5d8cc5e13bb53b9f644d89ef35d7f,1.0,5,0,0.0,"""\u09ac\u09be\u0982\u09b2\u09be\u09a6\u09c7\u09b6\u09c7\u09b0 \u09b0\u09be\u099c\u09a7\u09be\u09a8\u09c0 \u09b9\u09b2\u09cb \u09a2\u09be\u0995\u09be\u0964 \u098f\u099f\u09bf \u09a6\u09c7\u09b6\u09c7\u09b0 \u09b8\u09ac\u099a\u09c7\u09af\u09bc\u09c7 \u09ac\u09a1\u09bc \u09b6\u09b9\u09b0 \u098f\u09ac\u0982 \u09aa\u09cd\u09b0\u09a7\u09be\u09a8 \u09b0\u09be\u099c\u09a8\u09c8\u09a4\u09bf\u0995, \u0986\u09b0\u09cd\u09a5\u09bf\u0995, \u098f\u09ac\u0982 \u09b8\u09be\u0982\u09b8\u09cd\u0995\u09c3\u09a4\u09bf\u0995 \u0995\u09c7"""
2024-02-23T22:28:11.658260,"""\u0986\u09a5\u09bf\u09a8\u09be, \u09ac\u09be\u0981\u09b2\u09be\u09a6\u09c7\u09b6\u09c7\u09b0 \u09b0\u09be\u099c\u09a7\u09be\u09a8\u09c7 \u0995\u09bf \u09a4\u09c1\u09ae\u09bf\u0995\u09c7 \u09ac\u09b2\u09a4\u09c7 \u09aa\u09be\u09b0\u09ac\u09be \u0986\u09ae\u09be\u0995\u09c7?""","""\u09ac\u09be\u0982\u09b2\u09be\u09a6\u09c7\u09b6\u09c7\u09b0 \u09b0\u09be\u099c\u09a7\u09be\u09a8\u09c0 \u09a2\u09be\u0995\u09be \u09b9\u09b2\u09cb\u0964 \u098f\u099f\u09bf \u09a6\u09c7\u09b6\u09c7\u09b0 \u09b8\u09ac\u099a\u09c7\u09af\u09bc\u09c7 \u09ac\u09a1\u09bc \u09b6\u09b9\u09b0 \u098f\u09ac\u0982 \u09aa\u09cd\u09b0\u09a7\u09be\u09a8 \u09b0\u09be\u099c\u09a8\u09c8\u09a4\u09bf\u0995, \u0986\u09b0\u09cd\u09a5\u09bf\u0995, \u098f\u09ac\u0982 \u09b8\u09be\u0982\u09b8\u09cd\u0995\u09c3\u09a4\u09bf\u0995 \u0995\u09c7""",record_hash_7f473a376c9008265a5474d33131df42,,4,0,0.0,"""\u09ac\u09be\u0982\u09b2\u09be\u09a6\u09c7\u09b6\u09c7\u09b0 \u09b0\u09be\u099c\u09a7\u09be\u09a8\u09c0 \u09a2\u09be\u0995\u09be \u09b9\u09b2\u09cb\u0964 \u098f\u099f\u09bf \u09a6\u09c7\u09b6\u09c7\u09b0 \u09b8\u09ac\u099a\u09c7\u09af\u09bc\u09c7 \u09ac\u09a1\u09bc \u09b6\u09b9\u09b0 \u098f\u09ac\u0982 \u09aa\u09cd\u09b0\u09a7\u09be\u09a8 \u09b0\u09be\u099c\u09a8\u09c8\u09a4\u09bf\u0995, \u0986\u09b0\u09cd\u09a5\u09bf\u0995, \u098f\u09ac\u0982 \u09b8\u09be\u0982\u09b8\u09cd\u0995\u09c3\u09a4\u09bf\u0995 \u0995\u09c7"""
2024-02-23T22:29:26.435480,"""\u0986\u09a5\u09bf\u09a8\u09be, \u09ac\u09be\u0981\u09b2\u09be\u09a6\u09c7\u09b6\u09c7\u09b0 \u09b0\u09be\u099c\u09a7\u09be\u09a8\u09c7 \u0995\u09bf \u09a4\u09c1\u09ae\u09bf\u0995\u09c7 \u09ac\u09b2\u09a4\u09c7 \u09aa\u09be\u09b0\u09ac\u09be \u0986\u09ae\u09be\u0995\u09c7?""","""\u09b9\u09cd\u09af\u09be\u0981, \u09ac\u09be\u0982\u09b2\u09be\u09a6\u09c7\u09b6\u09c7\u09b0 \u09b0\u09be\u099c\u09a7\u09be\u09a8\u09c0 \u09b9\u09b2\u09cb \u09a2\u09be\u0995\u09be\u0964 \u098f\u099f\u09bf \u09a6\u09c7\u09b6\u09c7\u09b0 \u09b8\u09ac\u099a\u09c7\u09af\u09bc\u09c7 \u09ac\u09a1\u09bc \u09b6\u09b9\u09b0 \u098f\u09ac\u0982 \u09b0\u09be\u099c\u09a8\u09c8\u09a4\u09bf\u0995, \u0986\u09b0\u09cd\u09a5\u09bf\u0995 \u098f\u09ac\u0982 \u09b8\u09be\u0982\u09b8\u09cd\u0995\u09c3\u09a4\u09bf\u0995 \u0995\u09c7\u09a8""",record_hash_88b5b944df02121a19bbf0768e2d325d,,6,0,0.0,"""\u09b9\u09cd\u09af\u09be\u0981, \u09ac\u09be\u0982\u09b2\u09be\u09a6\u09c7\u09b6\u09c7\u09b0 \u09b0\u09be\u099c\u09a7\u09be\u09a8\u09c0 \u09b9\u09b2\u09cb \u09a2\u09be\u0995\u09be\u0964 \u098f\u099f\u09bf \u09a6\u09c7\u09b6\u09c7\u09b0 \u09b8\u09ac\u099a\u09c7\u09af\u09bc\u09c7 \u09ac\u09a1\u09bc \u09b6\u09b9\u09b0 \u098f\u09ac\u0982 \u09b0\u09be\u099c\u09a8\u09c8\u09a4\u09bf\u0995, \u0986\u09b0\u09cd\u09a5\u09bf\u0995 \u098f\u09ac\u0982 \u09b8\u09be\u0982\u09b8\u09cd\u0995\u09c3\u09a4\u09bf\u0995 \u0995\u09c7\u09a8"""
